First Name,Last Name,Vape Name,Vape Type,Air Inhaled,Nicotine Concentration,Target
Sarah,Martinez,juul,pod,2.45,14
Marcus,Thompson,smok,tank,4.12,6,24.72
Emma,Chen,voopoo,mod,3.89,12,46.68
James,Robinson,geek vape,tank,2.34,18,42.12
Olivia,Jackson,aspire,pod,1.67,20,33.4
David,White,vaporesso,mod,5.23,8,41.84
Jessica,Harris,smok,tank,3.56,14,49.84
Michael,Martin,juul,pod,0.98,14,13.72
Amanda,Garcia,voopoo,pod,2.71,16,43.36
Christopher,Rodriguez,lost mary,disposable,1.45,50,72.5
Sarah,Lee,elf bar,disposable,1.89,20,37.8
Daniel,Wilson,vaporesso,tank,4.01,10,40.1
Megan,Anderson,smok,mod,3.45,12,41.4
Joshua,Taylor,geek vape,pod,2.12,18,38.16
Nicole,Thomas,aspire,tank,5.67,8,45.36
Ryan,Moore,juul,pod,1.34,14,18.76
Ashley,Jackson,voopoo,mod,4.23,6,25.30
Brandon,Martin,lost mary,disposable,2.88,50,144
Kayla,Lee,elf bar,disposable,1.56,20,31.2
Kevin,Harris,vaporesso,mod,3.78,12,45.32
Marcus,Thompson,smok,tank,4.12,6,24.72
Emma,Chen,voopoo,mod,3.89,12,46.68
James,Robinson,geek vape,tank,2.34,18,42.12
Olivia,Jackson,aspire,pod,1.67,20,33.4
David,White,vaporesso,mod,5.23,8,41.84
Jessica,Harris,smok,tank,3.56,14,49.84
Michael,Martin,juul,pod,0.98,14,13.72
Amanda,Garcia,voopoo,pod,2.71,16,43.36
Christopher,Rodriguez,lost mary,disposable,1.45,50,72.5
Sarah,Lee,elf bar,disposable,1.89,20,37.8
Daniel,Wilson,vaporesso,tank,4.01,10,40.1
Megan,Anderson,smok,mod,3.45,12,41.4
Joshua,Taylor,geek vape,pod,2.12,18,38.16
Nicole,Thomas,aspire,tank,5.67,8,45.36
Ryan,Moore,juul,pod,1.34,14,18.76
Ashley,Jackson,voopoo,mod,4.23,6,25.38
Brandon,Martin,lost mary,disposable,2.88,50,144
Kayla,Lee,elf bar,disposable,1.56,20,31.2
Kevin,Harris,vaporesso,mod,3.78,12,45.36
Lauren,Clark,smok,pod,2.67,14,37.38
Tyler,Lewis,voopoo,tank,4.45,8,35.6
Victoria,Walker,juul,pod,1.23,20,24.6
Alexander,Hall,geek vape,mod,3.34,10,33.4
Sophia,Young,aspire,disposable,2.89,50,144.5
Benjamin,Hernandez,vaporesso,pod,1.78,16,28.48
Charlotte,King,lost mary,tank,4.56,18,82.08
Mason,Wright,smok,mod,3.12,12,37.44
Amelia,Lopez,elf bar,disposable,1.45,20,29
Ethan,Hill,voopoo,pod,2.34,14,32.76
Harper,Scott,juul,tank,5.01,6,30.06
Evelyn,Green,aspire,mod,2.67,12,32.04
Lucas,Adams,vaporesso,tank,4.23,10,42.3
Abigail,Nelson,geek vape,pod,1.89,18,34.02
Michael,Carter,smok,disposable,3.45,50,172.5
Ella,Mitchell,voopoo,mod,2.78,8,22.24
Logan,Perez,elf bar,pod,1.56,20,31.2
Scarlett,Roberts,lost mary,tank,4.12,14,57.68
Jackson,Phillips,juul,disposable,2.34,50,117
Aria,Campbell,aspire,pod,3.67,14,51.38
Aiden,Parker,vaporesso,mod,5.12,6,30.72
Mia,Evans,smok,tank,2.89,16,46.24
Lucas,Edwards,voopoo,pod,1.45,18,26.1
Chloe,Collins,geek vape,mod,4.01,10,40.1
Oliver,Reyes,elf bar,disposable,2.67,50,133.5
Isabella,Stewart,juul,tank,3.78,12,45.36
Mason,Morris,lost mary,pod,1.23,20,24.6
Emma,Rogers,aspire,mod,4.45,8,35.6
James,Cook,vaporesso,tank,2.34,14,32.76
Ava,Morgan,smok,pod,3.89,12,46.68
Benjamin,Peterson,voopoo,mod,1.67,18,30.06
Charlotte,Cooper,geek vape,pod,5.23,6,31.38
Amelia,Richardson,elf bar,disposable,2.71,50,135.5
Ethan,Cox,juul,tank,0.98,20,19.6
Harper,Howard,aspire,mod,4.12,10,41.2
Logan,Ward,vaporesso,pod,3.56,14,49.84
Scarlett,Torres,lost mary,tank,2.89,16,46.24
Jackson,Peterson,smok,disposable,1.45,50,72.5
Aria,Gray,voopoo,pod,2.45,18,44.1
Aiden,Ramirez,elf bar,mod,4.23,8,33.84
Mia,James,juul,tank,1.89,20,37.8
Lucas,Watson,aspire,pod,3.45,12,41.4
Chloe,Brooks,geek vape,mod,2.12,14,29.68
Oliver,Chavez,vaporesso,tank,4.01,10,40.1
Isabella,Bennett,smok,pod,5.67,6,34.02
Mason,Salazar,lost mary,disposable,1.34,50,67
Emma,Castle,voopoo,mod,2.78,18,50.04
James,Vargas,elf bar,pod,3.34,14,46.76
Ava,Snyder,juul,tank,1.23,20,24.6
Benjamin,Cole,aspire,mod,4.45,8,35.6
Charlotte,Bartlett,vaporesso,pod,2.67,16,42.72
Amelia,Garrett,geek vape,tank,3.89,12,46.68
Ethan,Barton,smok,disposable,2.34,50,117
Harper,Soto,voopoo,mod,5.12,6,30.72
Logan,Nolan,lost mary,pod,1.67,18,30.06
Scarlett,Flood,elf bar,tank,4.23,10,42.3
Jackson,Shaw,juul,pod,2.89,14,40.46
Aria,Graves,aspire,mod,1.45,20,29
Aiden,Dorsey,vaporesso,tank,4.01,8,32.08
Mia,Mccarty,smok,pod,3.78,12,45.36
Lucas,Sawyer,geek vape,disposable,2.12,50,106
Chloe,Judge,voopoo,tank,4.56,6,27.36
Oliver,Hahn,elf bar,mod,1.89,18,34.02
Isabella,Underwood,juul,pod,3.12,14,43.68
Mason,Yates,lost mary,tank,2.45,20,49
Emma,Spikes,aspire,disposable,5.01,50,250.5
James,Shumate,vaporesso,mod,2.34,8,18.72
Ava,Sorrells,smok,pod,3.67,16,58.72
Benjamin,Steele,voopoo,tank,4.12,10,41.2
Charlotte,Stringfield,geek vape,pod,1.56,18,28.08
Amelia,Sunley,elf bar,mod,2.78,14,38.92